City_ID,City,Lat,Lng,Max Temp,Humidity,Cloudiness,Wind Speed,Country,Date
0,port mathurin,-19.6833,63.4167,300.09,75,21,4.64,MU,1712898828
1,happy valley-goose bay,53.3168,-60.3315,275.52,83,92,3.26,CA,1712898831
2,stanley,54.868,-1.6985,284.16,84,75,5.14,GB,1712898651
3,hamilton,39.1834,-84.5333,284.49,82,100,9.83,US,1712898658
4,ilomantsi,62.6716,30.9328,275.76,99,100,2.29,FI,1712898840
5,adamstown,-25.066,-130.1015,294.88,52,43,5.06,PN,1712898844
6,emerald,-23.5333,148.1667,303.34,25,0,4.18,AU,1712898847
7,kavaratti,10.5669,72.642,302.45,68,27,3.53,IN,1712898850
8,puerto natales,-51.7236,-72.4875,275.6,92,49,1.95,CL,1712898852
9,kiunga,-6.1219,141.2906,301.93,72,100,0.87,PG,1712898854
10,iskateley,67.6803,53.1512,266.49,94,100,6.71,RU,1712898856
11,kruisfontein,-34.0033,24.7314,284.75,70,13,3.4,ZA,1712898859
12,punta arenas,-53.15,-70.9167,280.99,75,55,5.89,CL,1712898861
13,lihue,21.9789,-159.3672,295.92,88,100,9.77,US,1712898863
14,avarua,-21.2078,-159.775,301.18,89,75,7.2,CK,1712898814
15,mata-utu,-13.2816,-176.1745,302.76,77,22,5.44,WF,1712898867
16,tiksi,71.6872,128.8694,251.95,86,20,9.32,RU,1712898869
17,edinburgh of the seven seas,-37.0676,-12.3116,291.98,92,45,8.17,SH,1712898872
18,bredasdorp,-34.5322,20.0403,285.05,80,28,2.66,ZA,1712898874
19,invercargill,-46.4,168.35,283.16,81,86,1.79,NZ,1712898604
20,baotou,40.6522,109.8222,294.55,15,2,3.16,CN,1712898878
21,ushuaia,-54.8,-68.3,277.18,98,92,2.15,AR,1712898696
22,bethel,41.3712,-73.414,290.2,88,100,4.12,US,1712898635
23,papatowai,-46.5619,169.4708,281.83,71,79,2.17,NZ,1712898888
24,shingu,33.7333,135.9833,290.81,66,92,2.98,JP,1712898892
25,salalah,17.0151,54.0924,302.2,70,75,3.6,OM,1712898895
26,dongcun,36.7767,121.1597,290.09,64,91,4.58,CN,1712898898
27,porteirinha,-15.7433,-43.0283,294.4,79,91,2.82,BR,1712898900
28,srem,52.0887,17.0151,285.21,75,100,2.75,PL,1712898903
29,kodiak,57.79,-152.4072,275.88,87,0,1.54,US,1712898906
30,thompson,55.7435,-97.8558,272.44,94,100,1.89,CA,1712898908
31,khobar,26.2794,50.2083,301.23,36,20,6.17,SA,1712898911
32,port lincoln,-34.7333,135.8667,289.63,56,31,4.66,AU,1712898913
33,whitehorse,60.7161,-135.0538,274.32,82,100,4.27,CA,1712898682
34,tekirova,36.5017,30.5272,294.19,56,2,0.72,TR,1712898919
35,bikenibeu village,1.3673,173.1241,303.13,79,20,3.09,KI,1712898921
36,grytviken,-54.2811,-36.5092,273.2,78,40,4.31,GS,1712898924
37,yuzhno-kurilsk,44.0306,145.8556,277.8,76,100,4.51,RU,1712898926
38,qaqortoq,60.7167,-46.0333,263.94,83,13,3.02,GL,1712898929
39,gotsucho,35.0,132.2167,291.34,62,82,3.82,JP,1712898931
40,olonkinbyen,70.9221,-8.7187,265.96,89,100,10.33,SJ,1712898933
41,wailua homesteads,22.0669,-159.378,295.59,91,100,9.77,US,1712898935
42,saipan,15.1355,145.701,304.54,62,40,7.72,MP,1712898937
43,preobrazheniye,42.9019,133.9064,285.89,66,3,2.64,RU,1712898939
44,tazovsky,67.4667,78.7,257.47,83,100,10.51,RU,1712898942
45,woodward,36.4337,-99.3904,281.66,53,0,3.09,US,1712898878
46,magadan,59.5667,150.8,272.33,91,31,1.1,RU,1712898947
47,mili,6.0815,171.735,299.99,87,100,7.26,MH,1712898949
48,malmberget,67.1753,20.6549,272.46,74,0,2.06,SE,1712898952
49,port alfred,-33.5906,26.891,286.03,83,99,3.58,ZA,1712898955
50,usogorsk,63.4106,48.6872,275.19,97,100,6.11,RU,1712898960
51,rubtsovsk,51.5,81.25,274.06,44,29,4.58,RU,1712898963
52,yelizovo,53.1873,158.3805,282.23,31,0,3.0,RU,1712898965
53,mizdah,31.4451,12.9801,286.25,90,100,7.83,LY,1712898968
54,zalingei,12.9096,23.4741,297.53,15,63,2.49,SD,1712898971
55,yellowknife,62.456,-114.3525,274.49,85,68,1.34,CA,1712898974
56,berezovyy,51.6667,135.7,288.81,24,52,3.2,RU,1712898977
57,tromso,69.6496,18.957,275.16,87,75,3.09,NO,1712898814
58,charters towers,-20.1,146.2667,302.51,29,0,4.98,AU,1712898982
59,lae,-6.7221,146.9847,300.52,77,54,3.97,PG,1712898985
60,ust-nera,64.5667,143.2,272.16,82,71,3.12,RU,1712898988
61,haywards heath,50.9977,-0.1031,283.83,91,0,4.12,GB,1712898804
62,puerto ayora,-0.7393,-90.3518,298.46,98,81,2.43,EC,1712898994
63,dunedin,-45.8742,170.5036,282.48,84,100,0.89,NZ,1712898979
64,atafu village,-8.5421,-172.5159,303.09,73,82,3.89,TK,1712898999
65,constantia,44.1833,28.65,288.54,81,14,4.12,RO,1712899001
66,waitangi,-43.9535,-176.5597,289.72,94,98,4.47,NZ,1712899004
67,hawaiian paradise park,19.5933,-154.9731,294.88,98,100,2.57,US,1712899007
68,traipu,-9.9706,-37.0033,297.21,97,25,0.86,BR,1712899009
69,mount isa,-20.7333,139.5,302.02,21,2,3.6,AU,1712899012
70,albany,42.6001,-73.9662,289.31,82,100,4.02,US,1712898894
71,meadow lakes,61.6247,-149.6011,277.77,56,100,3.6,US,1712899018
72,port-aux-francais,-49.35,70.2167,279.4,89,99,7.95,TF,1712899022
73,spring creek,40.7266,-115.5859,285.54,49,64,2.75,US,1712899025
74,sadao,6.6388,100.4234,308.05,30,79,3.66,TH,1712899028
75,jamestown,42.097,-79.2353,287.6,99,100,2.24,US,1712898758
76,enoch,37.7733,-113.0244,287.3,31,0,3.09,US,1712899021
77,dawson creek,55.7666,-120.2362,278.21,64,100,2.53,CA,1712898847
78,severo-yeniseyskiy,60.3725,93.0408,264.0,70,100,2.21,RU,1712899039
79,luwuk,-0.9516,122.7875,301.59,68,72,1.83,ID,1712899042
80,korsakov,46.6328,142.7813,285.06,79,33,5.84,RU,1712899045
81,cukai,4.25,103.4167,305.06,57,86,4.72,MY,1712898859
82,tazacorte,28.629,-17.9293,295.69,27,0,4.63,ES,1712899050
83,az zuwaytinah,30.9522,20.1202,290.3,54,0,3.52,LY,1712899053
84,udachny,66.4167,112.4,257.29,72,83,4.8,RU,1712899056
85,oum hadjer,13.2954,19.6966,300.25,12,99,4.67,TD,1712899059
86,guerrero negro,27.9769,-114.0611,289.8,80,100,5.76,MX,1712899039
87,mahanoro,-19.9,48.8,298.79,90,97,3.29,MG,1712899064
88,quellon,-43.1167,-73.6167,281.57,81,0,2.79,CL,1712899067
89,fort bragg,35.139,-79.006,294.0,72,100,7.72,US,1712899070
90,srikakulam,18.3,83.9,307.8,34,68,2.7,IN,1712899072
91,novo cruzeiro,-17.4681,-41.8753,291.09,100,38,1.33,BR,1712899005
92,perry,37.2506,-83.1999,286.25,86,100,6.57,US,1712899078
93,la'ie,21.6477,-157.9253,297.13,89,100,4.92,US,1712899081
94,iqaluit,63.7506,-68.5145,266.87,79,100,5.81,CA,1712898851
95,san lorenzo de esmeraldas,1.2883,-78.8369,298.46,86,43,0.42,EC,1712899088
96,college,64.8569,-147.8028,277.14,50,100,1.54,US,1712899091
97,tolga,34.7222,5.3785,285.54,56,68,7.17,DZ,1712899094
98,buctzotz,21.2,-88.7833,293.42,76,81,1.14,MX,1712899097
99,cozumel,20.5083,-86.9458,297.56,81,81,5.06,MX,1712899100
100,vilhena,-12.7406,-60.1458,294.48,100,100,1.22,BR,1712899103
101,kerikeri,-35.2268,173.9474,294.77,75,0,3.04,NZ,1712899113
102,gul'kevichi,45.3538,40.6946,289.27,59,100,3.33,RU,1712899115
103,pisco,-13.7,-76.2167,295.18,83,0,2.57,PE,1712899117
104,lebu,-37.6167,-73.65,282.96,96,1,2.22,CL,1712898987
105,uturoa,-16.7333,-151.4333,301.91,80,70,9.38,PF,1712899124
106,bagudo,11.4033,4.2296,303.46,29,98,3.06,NG,1712899129
107,ghadamis,30.1337,9.5007,286.51,80,100,8.62,LY,1712899133
108,aasiaat,68.7098,-52.8699,265.12,96,99,3.03,GL,1712899135
109,west island,-12.1568,96.8225,303.14,70,75,5.14,CC,1712899138
110,akureyri,65.6835,-18.0878,273.11,93,100,4.12,IS,1712899141
111,vorgashor,67.5833,63.95,266.93,95,100,5.89,RU,1712899143
112,labuan,5.2767,115.2417,306.35,62,20,1.54,MY,1712899146
113,sansanne-mango,10.3592,0.4708,303.42,53,99,2.91,TG,1712899148
114,tagta,41.6504,59.9164,288.12,72,0,7.2,TM,1712899151
115,alta,69.9689,23.2717,274.74,84,100,6.26,NO,1712899153
116,grajewo,53.6473,22.4554,285.96,79,92,4.18,PL,1712899157
117,rio verde de mato grosso,-18.9181,-54.8442,297.0,95,100,1.18,BR,1712898929
118,brookings,44.3114,-96.7984,278.81,84,0,4.12,US,1712899162
119,acarau,-2.8856,-40.12,299.14,88,100,1.69,BR,1712899164
120,klichaw,53.4928,29.3352,283.06,69,100,4.3,BY,1712899167
121,talnakh,69.4865,88.3972,251.28,93,94,5.17,RU,1712899169
122,coahuayana de hidalgo,18.7,-103.6583,294.01,87,39,1.18,MX,1712899171
123,smithers,54.7804,-127.1743,275.33,87,40,0.0,CA,1712899173
124,geraldton,-28.7667,114.6,300.38,50,40,7.72,AU,1712899176
125,kili,5.6439,169.1211,300.54,84,100,7.67,MH,1712899180
126,isafjordur,66.0755,-23.124,268.3,92,100,11.07,IS,1712899182
127,hithadhoo,-0.6,73.0833,301.97,72,91,3.03,MV,1712899185
128,horta,38.5333,-28.6333,288.72,95,20,2.82,PT,1712899187
129,nangomba,-10.9,38.5,296.65,97,99,2.54,TZ,1712899189
130,remire-montjoly,4.9167,-52.2667,300.17,89,75,4.12,GF,1712899192
131,saudarkrokur,65.7461,-19.6394,272.83,96,100,5.6,IS,1712899194
132,keflavik,64.0049,-22.5624,276.1,93,75,6.17,IS,1712899196
133,zanzibar,-6.1639,39.1979,300.03,82,26,4.08,TZ,1712898976
134,ola,59.5833,151.2833,272.67,89,44,0.66,RU,1712899203
135,abaza,52.655,90.0928,274.63,64,100,6.45,RU,1712899205
136,carboneras,37.0015,-1.9213,287.21,68,0,4.19,ES,1712899208
137,ribeira grande,38.5167,-28.7,289.14,95,11,2.97,PT,1712899213
138,saldanha,-33.0117,17.9442,286.47,69,15,3.79,ZA,1712899215
139,guiyang,26.5833,106.7167,300.42,50,75,6.0,CN,1712899218
140,kemin,42.7846,75.6892,285.5,67,100,0.99,KG,1712899221
141,sao joao da barra,-21.6403,-41.0511,297.5,85,29,1.74,BR,1712899223
142,colonia,50.9333,6.95,287.07,82,100,2.57,DE,1712898931
143,tarhuna,32.435,13.6332,287.56,83,100,7.22,LY,1712899228
144,georgetown,5.4112,100.3354,308.12,57,20,4.63,MY,1712899208
145,port elizabeth,-33.918,25.5701,288.31,75,20,4.12,ZA,1712899233
146,ceeldheer,3.8488,47.1806,303.33,70,54,5.63,SO,1712899235
147,enshi,30.3,109.4833,298.44,57,13,1.03,CN,1712899238
148,ilulissat,69.2167,-51.1,266.16,93,100,0.0,GL,1712899240
149,abalak,58.1286,68.5944,273.35,73,100,5.2,RU,1712899242
150,daru,-9.0763,143.2092,300.32,84,100,5.4,PG,1712899245
151,impfondo,1.6381,18.0667,295.5,96,100,1.09,CG,1712899247
152,hibbing,47.4272,-92.9377,278.93,52,0,4.63,US,1712899141
153,la paz,-16.5,-68.15,282.36,89,75,2.57,BO,1712899205
154,tanah rata,4.475,101.3704,297.93,54,40,0.67,MY,1712899254
155,santyoku,37.4406,129.1708,291.8,59,35,3.23,KR,1712899257
156,nabire,-3.3667,135.4833,302.27,78,81,2.52,ID,1712899259
157,tolanaro,-25.0319,46.9987,294.19,100,75,6.17,MG,1712899262
158,anadyr,64.75,177.4833,265.43,78,0,7.0,RU,1712899265
159,bardai,11.65,7.2333,300.5,11,100,3.9,NG,1712899267
160,arkhangel'sk,64.5401,40.5433,276.0,79,75,7.0,RU,1712898970
161,kone,-21.0595,164.8658,296.32,86,100,1.09,NC,1712899271
162,kismayo,-0.3582,42.5454,303.26,70,59,3.5,SO,1712899274
163,mikuni,36.2171,136.1519,291.1,60,0,4.04,JP,1712899276
164,lobito,-12.3481,13.5456,298.57,88,100,2.55,AO,1712899278
165,christchurch,-43.5333,172.6333,285.12,94,100,5.14,NZ,1712899281
166,sibut,5.718,19.0739,298.36,62,85,1.42,CF,1712899283
167,utrik,11.2278,169.8474,299.87,75,100,8.2,MH,1712899285
168,khandud,36.9513,72.318,278.44,64,58,2.67,AF,1712899288
169,qamdo,31.1667,97.2333,279.31,28,8,3.23,CN,1712899290
170,chernyshevsk,52.5243,117.0174,286.89,26,12,3.45,RU,1712899293
171,petropavlovsk-kamchatsky,53.0452,158.6483,281.48,31,0,3.0,RU,1712899295
172,ingeniero jacobacci,-41.3427,-69.5448,277.16,86,72,2.99,AR,1712899297
173,umba,66.6871,34.3429,273.34,86,14,4.75,RU,1712899299
174,zhaobaoshan,29.9695,121.6875,292.16,92,99,3.46,CN,1712899302
175,bilibino,68.0546,166.4372,266.45,75,91,1.49,RU,1712899304
176,blora,-6.9698,111.4186,304.02,70,63,2.45,ID,1712899306
177,roma,43.2128,-75.4557,290.27,89,100,7.2,US,1712899265
178,fale old settlement,-9.3852,-171.2468,303.29,70,59,3.86,TK,1712899311
179,chimoio,-19.1164,33.4833,290.07,100,100,3.98,MZ,1712899316
180,margaret river,-33.95,115.0667,297.88,40,43,0.93,AU,1712899319
181,hermanus,-34.4187,19.2345,285.82,79,44,5.54,ZA,1712899321
182,calvinia,-31.4707,19.776,282.6,52,21,3.95,ZA,1712899323
183,traiguen,-38.25,-72.6833,280.94,71,0,1.36,CL,1712899325
184,hrubieszow,50.805,23.8925,282.75,73,19,2.47,PL,1712899328
185,duluth,46.7833,-92.1066,282.86,69,100,6.69,US,1712899207
186,coquimbo,-29.9533,-71.3436,288.14,82,26,1.13,CL,1712899179
187,pangoa,-12.1167,-73.0,294.28,99,100,1.1,PE,1712899338
188,palmer,42.1584,-72.3287,289.8,82,100,7.2,US,1712899340
189,bel ombre,-4.6167,55.4167,303.06,79,40,3.6,SC,1712899342
190,pagar alam,-4.0167,103.2667,295.91,97,100,0.89,ID,1712899345
191,isangel,-19.55,169.2667,299.63,87,52,3.59,VU,1712899347
192,haiku-pauwela,20.9219,-156.3051,297.06,81,0,3.13,US,1712899350
193,royan,45.6285,-1.0281,283.03,93,12,3.44,FR,1712899352
194,ain sefra,32.75,-0.5833,278.25,70,1,2.76,DZ,1712899355
195,suva,-18.1416,178.4415,301.86,70,40,3.09,FJ,1712899357
196,east london,-33.0153,27.9116,288.67,67,40,5.66,ZA,1712899359
197,dudinka,69.4058,86.1778,250.75,93,58,5.81,RU,1712899362
198,belmonte,-15.8631,-38.8828,298.27,86,18,2.13,BR,1712899364
199,greymouth,-42.4667,171.2,284.39,89,100,4.88,NZ,1712899366
200,rio grande,-32.035,-52.0986,293.43,62,100,6.44,BR,1712899334
201,wabrzezno,53.2799,18.9477,286.25,82,91,3.55,PL,1712899371
202,touros,-5.1989,-35.4608,299.29,88,98,2.32,BR,1712899295
203,venkatagiri,13.9667,79.5833,309.41,44,74,4.87,IN,1712899376
204,st. john's,47.5649,-52.7093,274.25,83,0,8.23,CA,1712899233
205,ulladulla,-35.35,150.4667,297.47,64,6,4.7,AU,1712899383
206,mount pearl,47.5166,-52.7813,273.79,84,0,8.23,CA,1712899386
207,utete,-7.986,38.758,297.38,95,100,0.97,TZ,1712899388
208,antananarivo,-18.9137,47.5361,293.13,100,75,2.06,MG,1712899391
209,fortuna,40.5982,-124.1573,282.96,93,100,0.0,US,1712899393
210,ghanzi,-21.5667,21.7833,288.05,60,4,3.43,BW,1712899395
211,vallenar,-28.5708,-70.7581,289.98,70,99,1.16,CL,1712899398
212,collie,-33.3667,116.15,298.67,29,0,3.42,AU,1712899400
213,twin falls,42.3505,-114.6445,287.0,40,0,6.17,US,1712899402
214,kapshagay,43.8833,77.0833,283.33,67,100,3.61,KZ,1712899404
215,montrose,38.4166,-108.2673,276.22,38,0,1.92,US,1712899258
216,kapuskasing,49.4169,-82.4331,281.2,70,100,2.57,CA,1712899307
217,coruripe,-10.1256,-36.1756,298.53,88,13,1.84,BR,1712899412
218,koubia,11.5833,-11.9,297.32,58,81,2.2,GN,1712899414
219,mount gambier,-37.8333,140.7667,288.57,58,100,3.03,AU,1712899209
220,xiva,41.3783,60.3639,289.14,37,100,7.27,UZ,1712899419
221,soio,-6.1349,12.3689,299.91,83,100,2.96,AO,1712899422
222,sitka,57.0531,-135.33,278.09,65,75,4.63,US,1712899347
223,sredneuralsk,56.9892,60.4666,282.85,68,64,6.28,RU,1712899426
224,aral,40.5156,81.2636,297.72,9,52,6.25,CN,1712899429
225,corinto,37.9407,22.9573,290.69,53,57,0.4,GR,1712899360
226,kayes,14.0,-11.0,306.61,22,68,1.64,ML,1712899434
227,susuman,62.7833,148.1667,268.14,78,38,1.79,RU,1712899436
228,borkum,53.5809,6.6915,286.45,94,100,10.02,DE,1712899438
229,shiprock,36.7855,-108.687,285.9,20,0,2.07,US,1712899441
230,badger,64.8,-147.5333,277.1,51,100,1.54,US,1712899444
231,monte alegre,-2.0078,-54.0692,297.17,94,94,1.38,BR,1712899453
232,newman,37.3138,-121.0208,294.98,76,0,3.58,US,1712899285
233,north bend,43.4065,-124.2243,284.18,87,100,3.09,US,1712899459
234,castillos,-34.1667,-53.8333,289.28,59,86,2.77,UY,1712899462
235,lilongwe,-13.9669,33.7873,293.26,94,75,3.6,MW,1712899465
236,crane,31.3974,-102.3501,292.46,22,1,6.61,US,1712899468
237,nova sintra,14.8667,-24.7167,295.54,78,8,6.48,CV,1712899471
238,tocopilla,-22.092,-70.1979,294.0,75,15,2.11,CL,1712899473
239,san pedro pochutla,15.7333,-96.4667,299.34,70,100,0.58,MX,1712899476
240,longyearbyen,78.2186,15.6401,257.06,72,40,2.57,SJ,1712899479
241,yaren,-0.5472,166.916,301.78,73,97,3.75,NR,1712899481
242,mhamid,29.82,-5.72,292.62,26,26,7.24,MA,1712899276
243,ambodifotatra,-16.9833,49.85,300.78,83,94,2.73,MG,1712899485
244,argostolion,38.1811,20.489,292.45,37,87,2.61,GR,1712899488
245,sola,-13.8833,167.55,301.77,79,46,4.86,VU,1712899490
246,rongelap,11.1635,166.8941,299.99,78,100,8.37,MH,1712899276
247,mangochi,-14.4782,35.2645,294.86,91,100,3.44,MW,1712899495
248,tura,25.5198,90.2201,308.62,19,4,2.6,IN,1712899498
249,puerto cabezas,14.0351,-83.3888,298.55,86,33,3.45,NI,1712899464
250,brak,27.5496,14.2714,291.87,21,44,4.64,LY,1712899503
251,madara,11.7798,10.4479,298.8,9,99,3.22,NG,1712899335
252,mahibadhoo,3.7833,72.9667,302.38,73,25,1.55,MV,1712899278
253,praya,14.9215,-23.5087,294.45,78,20,4.12,CV,1712899309
254,sarupathar,26.1984,93.8094,303.27,34,98,2.22,IN,1712899515
255,skovorodino,53.9833,123.9167,275.25,99,100,1.63,RU,1712899517
256,tapolca,46.8815,17.4412,285.7,79,16,2.79,HU,1712899520
257,burdell,38.158,-122.5653,290.5,75,0,1.54,US,1712899522
258,palikir - national government center,6.9248,158.1611,297.56,100,100,3.09,FM,1712899525
259,mitu,1.1983,-70.1733,295.88,98,85,1.03,CO,1712899527
260,jabat,7.75,168.9751,300.83,80,100,7.37,MH,1712899530
261,kiruna,67.8557,20.2251,268.66,93,0,1.54,SE,1712899532
262,shalkar,47.8288,59.6258,282.02,47,11,3.3,KZ,1712899534
263,strathfieldsaye,-36.8,144.3667,293.85,55,0,0.45,AU,1712899536
264,cabedelo,-6.9811,-34.8339,298.52,85,62,2.7,BR,1712899539
265,panacan,9.2463,118.4082,304.14,64,100,5.32,PH,1712899541
266,la ronge,55.1001,-105.2842,273.27,86,0,1.03,CA,1712899544
267,aykhal,66.0,111.5,256.64,74,39,3.85,RU,1712899547
268,lompoc,34.6391,-120.4579,287.6,95,100,1.54,US,1712899286
269,dzilam gonzalez,21.2833,-88.9333,294.98,71,76,2.15,MX,1712899551
270,grand-lahou,5.1367,-5.0242,298.55,85,94,0.19,CI,1712899558
271,tadine,-21.55,167.8833,297.42,74,99,3.74,NC,1712899560
272,tak bai,6.2595,102.0546,306.14,57,60,5.67,TH,1712899563
273,port-vila,-17.7338,168.3219,302.93,79,75,3.09,VU,1712899565
274,tangalle,6.024,80.7911,302.47,72,97,5.24,LK,1712899324
275,crucecita,-28.95,-58.9833,291.2,78,100,5.14,AR,1712899570
276,sangkhla buri,15.1555,98.4536,312.78,27,15,2.54,TH,1712899572
277,serowe,-22.3833,26.7167,287.21,85,88,6.17,BW,1712899574
278,mezzouna,34.5776,9.8419,285.18,87,100,7.69,TN,1712899577
279,karratha,-20.7377,116.8463,304.15,43,0,5.03,AU,1712899579
280,chui,-33.6971,-53.4616,290.67,57,60,3.42,UY,1712899581
281,sussex,41.1834,-74.6663,290.15,89,100,4.63,US,1712899584
282,benoy,8.9833,16.3199,303.53,44,100,1.28,TD,1712899588
283,bratske,47.865,31.5731,288.59,62,100,5.67,UA,1712899590
284,agneaux,49.119,-1.1061,283.38,89,100,2.08,FR,1712899593
285,ceerigaabo,10.6162,47.368,292.85,61,34,2.09,SO,1712899595
286,nizao,18.25,-70.2,299.52,84,24,6.42,DO,1712899598
287,chalons-en-champagne,48.9539,4.3672,285.19,92,81,2.09,FR,1712899600
288,jieshi,22.8134,115.8257,297.28,77,11,3.85,CN,1712899603
289,mar del plata,-38.0023,-57.5575,286.55,68,100,1.34,AR,1712899423
290,callao,-12.0667,-77.15,297.44,83,83,3.09,PE,1712899607
291,codrington,-38.2667,141.9667,288.91,57,100,4.79,AU,1712899610
292,pangody,65.85,74.4859,263.39,92,100,13.35,RU,1712899613
293,weno,7.4515,151.8468,304.12,84,100,3.09,FM,1712899615
294,tarnogskiy gorodok,60.4997,43.5761,277.3,96,100,4.7,RU,1712899617
295,klyuchi,52.2667,79.1667,274.08,39,3,1.22,RU,1712899620
296,auriflama,-20.6856,-50.5547,296.68,75,100,2.87,BR,1712899622
297,kyaukse,21.6,96.1333,309.15,34,20,1.03,MM,1712899624
298,corn island,12.1694,-83.0418,300.67,84,29,7.25,NI,1712899336
299,valle de la pascua,9.2155,-66.0073,299.31,70,3,4.69,VE,1712899629
300,las heras,-46.5419,-68.9359,281.75,35,0,2.47,AR,1712899634
301,camana,-16.6228,-72.7111,294.54,88,100,2.57,PE,1712899637
302,mejit,10.2753,170.8646,299.91,79,100,8.87,MH,1712899639
303,valozhyn,54.0909,26.5225,283.1,79,100,5.1,BY,1712899642
304,serenje,-13.2325,30.2352,290.26,98,100,4.15,ZM,1712899645
305,beroroha,-21.6667,45.1667,297.24,67,80,3.8,MG,1712899647
306,vilyuysk,63.7553,121.6247,257.59,78,65,4.02,RU,1712899650
307,mossel bay,-34.1831,22.146,283.11,71,12,2.04,ZA,1712899652
308,iranshahr,27.2025,60.6848,303.34,32,0,3.09,IR,1712899657
309,lethem,3.3803,-59.7968,301.43,61,44,6.24,GY,1712899660
310,kingston,17.997,-76.7936,301.68,81,20,5.66,JM,1712899664
311,neryungri,56.6709,124.6491,272.7,99,100,3.21,RU,1712899668
312,vadso,70.0744,29.7487,273.24,86,75,2.57,NO,1712899672
313,mahdishahr,35.7108,53.3556,281.15,54,65,3.95,IR,1712899676
314,labytnangi,66.6572,66.4183,270.58,97,100,2.51,RU,1712899679
315,villa gesell,-37.2639,-56.973,285.96,61,100,2.89,AR,1712899682
316,enewetak,11.3474,162.3373,299.89,80,74,8.78,MH,1712899685
317,lorengau,-2.0226,147.2712,301.65,77,93,1.64,PG,1712899687
318,palmas,-10.2128,-48.3603,299.08,89,20,2.06,BR,1712899592
319,guanica,17.9716,-66.908,299.85,62,0,2.74,PR,1712899692
320,saint-joseph,-21.3667,55.6167,302.36,79,91,0.74,RE,1712899696
321,vila velha,-20.3297,-40.2925,297.01,98,75,1.34,BR,1712899467
322,palembang,-2.9167,104.7458,305.2,66,40,2.06,ID,1712899690
323,mandalgovi,45.7625,106.2708,287.77,22,55,7.39,MN,1712899710
324,kristiansund,63.1115,7.732,281.51,61,0,2.06,NO,1712899712
325,revda,56.801,59.9303,283.52,74,71,6.13,RU,1712899714
326,sisimiut,66.9395,-53.6735,267.09,91,95,3.61,GL,1712899717
327,lata,40.1629,-8.3327,286.44,75,74,1.76,PT,1712899719
328,champerico,14.3,-91.9167,302.08,75,54,0.87,GT,1712899722
329,puerto aysen,-45.4,-72.7,275.63,92,5,0.58,CL,1712899727
330,altai,46.3722,96.2583,279.55,45,54,12.02,MN,1712899731
331,pula,44.8683,13.8481,290.46,59,0,5.66,HR,1712899734
332,youghal,51.95,-7.8506,283.71,100,100,5.92,IE,1712899736
333,ghat,24.9647,10.1728,291.56,38,17,5.79,LY,1712899738
334,berwick,41.0545,-76.2333,291.77,93,100,1.79,US,1712899741
335,puerto baquerizo moreno,-0.9,-89.6,298.12,88,61,3.65,EC,1712899743
336,pimentel,-6.8367,-79.9342,297.31,69,0,3.6,PE,1712899745
337,fuerte olimpo,-21.0415,-57.8738,296.76,99,100,1.58,PY,1712899748
338,aripuana,-9.1667,-60.6333,296.6,99,100,1.08,BR,1712899758
339,lazaro cardenas,17.9583,-102.2,296.64,82,7,1.14,MX,1712899770
340,boquira,-12.8231,-42.7306,296.86,80,100,1.28,BR,1712899773
341,dryden,49.7833,-92.7503,277.31,87,100,2.06,CA,1712899777
342,carnarvon,-24.8667,113.6333,299.72,49,0,4.48,AU,1712899781
343,markha,62.1053,129.7269,266.13,53,0,6.0,RU,1712899783
344,peace river,56.2501,-117.286,282.32,39,75,1.03,CA,1712899786
345,hede,33.7681,120.2517,291.68,81,85,5.63,CN,1712899790
346,rabigh,22.7986,39.0349,297.49,50,27,2.56,SA,1712899793
347,piggs peak,-25.9667,31.25,286.09,82,100,0.28,SZ,1712899796
348,saint-philippe,-21.3585,55.7679,302.92,81,88,0.43,RE,1712899799
349,port douglas,-16.4833,145.4667,300.75,64,49,5.89,AU,1712899648
350,kuraymah,18.55,31.85,299.11,13,5,7.21,SD,1712899804
351,fort mcmurray,56.7268,-111.381,280.92,42,75,4.12,CA,1712899806
352,tual,-5.6667,132.75,301.81,73,34,3.64,ID,1712899809
353,souillac,-20.5167,57.5167,302.23,83,40,4.63,MU,1712899811
354,tanout,14.9709,8.8879,301.57,8,100,4.38,NE,1712899814
355,navrongo,10.8956,-1.0921,303.87,51,93,4.44,GH,1712899817
356,san patricio,28.017,-97.5169,294.73,51,3,3.57,US,1712899820
357,eten,-6.9081,-79.8642,297.29,69,0,3.6,PE,1712899822
358,katsuura,35.1333,140.3,288.16,88,100,7.46,JP,1712899825
359,genhe,50.7833,121.5167,279.95,86,88,3.45,CN,1712899827
360,sumbe,-11.2061,13.8437,299.42,90,100,2.42,AO,1712899830
361,neiafu,-18.65,-173.9833,301.53,83,40,3.09,TO,1712899832
362,tateyama,34.9833,139.8667,289.87,77,100,5.7,JP,1712899835
363,xilin hot,43.9667,116.0333,294.2,17,35,5.83,CN,1712899837
364,arrah,25.5667,84.6667,307.09,9,52,3.67,IN,1712899839
365,abqaiq,25.9371,49.6776,301.03,28,39,4.74,SA,1712899844
366,rapid valley,44.0625,-103.1463,279.26,48,0,2.68,US,1712899846
367,barcelos,41.5388,-8.6151,293.23,73,32,2.39,PT,1712899648
368,ta`u,-14.2336,-169.5144,302.16,78,35,5.69,AS,1712899852
369,vorkuta,67.5,64.0,267.1,95,100,7.15,RU,1712899855
370,kapa'a,22.0752,-159.319,296.33,92,100,7.72,US,1712899857
371,jiuquan,39.7432,98.5174,296.09,9,35,3.46,CN,1712899860
372,castro,-24.7911,-50.0119,290.78,89,100,4.13,BR,1712899863
373,eyl,7.9803,49.8164,303.92,68,100,4.44,SO,1712899865
374,chegdomyn,51.1167,133.0167,284.91,64,93,1.72,RU,1712899868
375,chibougamau,49.9168,-74.3659,277.94,93,100,4.12,CA,1712899870
376,saint-pierre,-21.3393,55.4781,302.97,62,40,1.54,RE,1712899873
377,pohang,36.0322,129.365,295.01,43,58,2.74,KR,1712899875
378,bonga,7.2833,36.2333,294.99,76,37,0.7,ET,1712899878
379,alice springs,-23.7,133.8833,300.49,21,1,6.69,AU,1712899669
380,nantucket,41.2835,-70.0995,284.23,99,75,7.72,US,1712899883
381,nyurba,63.2842,118.3319,260.82,71,96,2.62,RU,1712899886
382,vila do maio,15.1333,-23.2167,294.59,82,2,7.03,CV,1712899888
383,sungai penuh,-2.0833,101.3833,299.1,77,85,1.55,ID,1712899891
384,cabo san lucas,22.8909,-109.9124,296.35,37,100,2.24,MX,1712899601
385,zouerate,22.7187,-12.4521,297.95,14,0,4.46,MR,1712899896
386,abraka,5.7902,6.1047,299.71,88,100,1.46,NG,1712899899
387,ciudad lazaro cardenas,17.9583,-102.2,296.53,81,7,1.25,MX,1712899902
388,portland,45.5234,-122.6762,285.27,79,100,4.63,US,1712899348
389,san jeronimo,-11.9472,-75.2829,281.52,86,75,0.49,PE,1712899906
390,margate,51.3813,1.3862,284.09,82,98,2.68,GB,1712899664
391,al ghayzah,16.2079,52.176,303.53,55,40,6.15,YE,1712899910
392,port saint john's,-31.6229,29.5448,289.51,59,29,4.85,ZA,1712899912
393,formosa do rio preto,-11.0483,-45.1931,298.58,69,89,0.22,BR,1712899913
394,tughyl,47.7252,84.2063,276.16,61,100,12.7,KZ,1712899915
395,kerugoya,-0.4989,37.2803,292.32,86,100,1.09,KE,1712899917
396,labrador city,52.9463,-66.9114,276.03,64,100,3.58,CA,1712899813
397,kenai,60.5544,-151.2583,274.31,95,100,3.6,US,1712899923
398,la passe,45.5549,-0.8967,283.14,93,12,3.13,FR,1712899924
399,iaciara,-14.0958,-46.6317,294.84,92,70,1.22,BR,1712899927
400,fort st. john,56.2499,-120.8529,277.09,81,100,2.57,CA,1712899912
401,ulety,51.3572,112.4849,285.46,35,81,4.77,RU,1712899930
402,kohlu,29.8962,69.252,300.48,17,97,5.57,PK,1712899932
403,taihecun,45.8,130.85,295.2,34,82,6.43,CN,1712899934
404,slavyanka,42.8633,131.3847,281.74,77,52,2.39,RU,1712899936
405,sao vicente,-23.9631,-46.3919,298.3,26,100,0.46,BR,1712899692
406,awgu,6.0742,7.4786,297.29,84,100,2.19,NG,1712899941
407,birmitrapur,22.4,84.7667,306.44,24,100,1.19,IN,1712899943
408,flying fish cove,-10.4217,105.6791,302.97,74,40,5.66,CX,1712899945
409,hadibu,12.65,54.0333,302.47,64,49,0.53,YE,1712899947
410,koungheul,13.9833,-14.8,302.24,28,40,3.85,SN,1712899949
411,kishanganj,26.1167,87.9333,308.94,20,4,2.78,IN,1712899951
412,selfoss,63.9331,-20.9971,275.4,88,97,1.69,IS,1712899952
413,tosontsengel,48.7567,98.2839,283.52,31,77,6.2,MN,1712899953
414,grand-bassam,5.2118,-3.7388,299.13,87,97,0.92,CI,1712899955
415,troitsko-pechorsk,62.7084,56.1964,276.87,99,100,6.26,RU,1712899956
416,kempsey,-31.0833,152.8333,296.45,63,12,3.13,AU,1712899958
417,shihezi,44.3,86.0333,287.05,49,100,11.14,CN,1712899960
418,cuajinicuilapa,16.4667,-98.4167,298.6,74,50,1.3,MX,1712899962
419,praia,14.9215,-23.5087,294.45,78,20,4.12,CV,1712899964
420,el calafate,-50.3408,-72.2768,278.28,62,18,1.21,AR,1712899965
421,howard springs,-12.497,131.047,305.1,76,90,4.39,AU,1712899967
422,matinha,-3.1006,-45.0336,297.06,99,23,0.78,BR,1712899969
423,hauterive,46.0901,3.4459,279.57,84,39,1.44,FR,1712899971
424,santa sylvina,-27.8326,-61.1375,291.51,91,100,3.54,AR,1712899973
425,princeville,45.7668,-61.2985,276.16,90,75,4.63,CA,1712899974
426,aroeiras,-7.5453,-35.7075,297.09,98,51,0.97,BR,1712899976
427,huangshan,29.7114,118.3125,296.85,76,80,3.03,CN,1712899978
428,sorong,-0.8833,131.25,301.85,74,41,4.33,ID,1712899980
429,khorugh,37.4897,71.553,276.14,52,95,1.14,TJ,1712899982
430,marsabit,2.3284,37.9899,295.97,72,57,6.27,KE,1712899984
431,nemuro,43.3236,145.575,278.91,91,100,6.52,JP,1712899986
432,island harbour,50.724,-1.2758,284.26,88,100,3.13,GB,1712899988
433,moreton,53.4,-3.1167,285.15,81,40,6.17,GB,1712899990
434,tamanrasset,22.785,5.5228,287.1,13,0,2.06,DZ,1712899992
435,kununurra,-15.7667,128.7333,306.14,35,23,5.66,AU,1712899994
436,arenzano,44.4052,8.6832,291.0,70,0,8.23,IT,1712899996
437,recreo,-29.2818,-65.061,287.64,84,100,1.35,AR,1712899998
438,yasothon,15.75,104.1333,313.23,23,22,1.97,TH,1712899999
439,manokwari,-0.8667,134.0833,302.67,67,50,4.95,ID,1712900001
440,gilgit,35.9221,74.3087,284.84,56,84,1.02,PK,1712900003
441,elko,41.0002,-115.5012,284.62,43,48,2.24,US,1712900007
442,laguna,38.421,-121.4238,293.14,65,0,2.57,US,1712900008
443,hemsby,52.6971,1.6918,285.28,85,96,6.74,GB,1712900010
444,manay,7.215,126.5397,302.63,61,85,5.5,PH,1712900012
445,copala,16.65,-98.9833,298.44,75,19,2.4,MX,1712900013
446,baiquan,47.5833,126.0833,292.19,43,99,5.3,CN,1712900014
447,moab,38.5733,-109.5498,288.98,18,0,2.91,US,1712900015
448,ringkobing,56.0901,8.244,284.14,93,100,10.29,DK,1712900017
449,tindouf,27.6711,-8.1474,295.4,12,2,1.03,DZ,1712900019
450,bagan,54.1001,77.6646,275.65,45,29,4.58,RU,1712900021
451,tofol,5.3248,163.0078,299.03,89,100,1.54,FM,1712900023
452,thunder bay,48.4001,-89.3168,279.14,100,75,3.09,CA,1712899795
453,ancud,-41.8697,-73.8203,281.36,73,0,2.79,CL,1712900026
454,prince albert,53.2001,-105.7677,273.12,80,40,2.06,CA,1712900028
455,sabang,5.8933,95.3214,302.59,76,86,8.08,ID,1712900030
456,yuxia,34.0615,108.6291,299.49,34,0,4.0,CN,1712900031
457,newnham,-41.3833,147.1333,293.68,52,75,4.12,AU,1712900033
458,garbahaarrey,3.3289,42.2209,303.32,64,72,5.19,SO,1712900035
459,arraial do cabo,-22.9661,-42.0278,297.61,85,50,1.97,BR,1712900037
460,galle,6.0367,80.217,305.43,56,78,3.25,LK,1712900038
461,pervomayskaya,43.4033,45.5261,287.14,77,5,0.0,RU,1712900040
462,port blair,11.6667,92.75,306.17,66,20,3.6,IN,1712900042
463,keelung,25.1283,121.7419,303.09,76,48,2.0,TW,1712900044
464,northam,51.0333,-4.2167,282.93,95,100,5.56,GB,1712900046
465,bayji,34.9311,43.487,294.86,37,2,5.99,IQ,1712900048
466,hasaki,35.7333,140.8333,288.37,84,100,7.19,JP,1712900049
467,diplo,24.4667,69.584,307.3,26,0,3.96,PK,1712900050
468,mora,11.0461,14.1401,301.69,17,96,1.23,CM,1712900052
469,at-bashi,41.1702,75.8106,285.11,34,100,0.45,KG,1712900056
470,buka,40.8108,69.1986,290.75,75,100,3.26,UZ,1712900058
471,belyy yar,53.6039,91.3903,272.09,80,75,5.0,RU,1712900060
472,parsons,37.3403,-95.2611,283.19,48,64,3.8,US,1712899965
473,nampula,-15.1165,39.2666,297.12,88,75,5.14,MZ,1712900065
474,dhulikhel,27.6189,85.5529,292.9,15,7,1.01,NP,1712900067
475,chonchi,-42.6128,-73.8092,278.77,77,0,0.97,CL,1712899890
476,boguchany,58.3814,97.4531,271.96,68,99,2.24,RU,1712900069
477,san antonio de pale,-1.4014,5.6325,301.5,76,100,4.08,GQ,1712900070
478,tenenkou,14.4572,-4.9169,303.0,19,61,3.98,ML,1712900072
479,fedorovskiy,45.0972,40.9517,290.17,57,96,2.79,RU,1712900074
480,tuy hoa,13.0833,109.3,304.94,57,97,4.83,VN,1712900076
481,as sulayyil,20.4607,45.5779,299.29,36,19,6.15,SA,1712900078
482,asau,46.4333,26.4,285.97,76,87,1.61,RO,1712900079
483,khor,47.8861,134.9464,293.56,34,31,5.55,RU,1712900081
484,dhidhdhoo,6.8833,73.1,302.69,73,72,3.18,MV,1712900083
485,rikaze,29.25,88.8833,283.39,12,8,2.41,CN,1712900085
486,nar'yan-mar,67.6713,53.087,266.54,94,100,6.71,RU,1712900087
487,colares,38.7992,-9.4469,292.78,79,63,2.68,PT,1712900089
488,kailua-kona,19.6406,-155.9956,301.26,92,100,5.14,US,1712900091
489,togur,58.3631,82.8265,264.34,67,22,0.89,RU,1712900092
490,klaipeda,55.7172,21.1175,279.18,97,86,8.29,LT,1712900094
491,molde,62.7375,7.1591,280.06,70,40,3.09,NO,1712899829
492,inhambane,-23.865,35.3833,293.14,88,75,5.14,MZ,1712900098
493,bria,6.5423,21.9863,300.1,32,79,0.5,CF,1712900100
494,namtsy,62.7161,129.6658,263.56,78,82,6.55,RU,1712900102
495,wanganui,-39.9333,175.05,289.41,96,100,2.58,NZ,1712900104
496,ialibu,-6.2821,143.9935,291.73,84,98,1.43,PG,1712900106
497,ibipeba,-11.6408,-42.0111,294.51,93,91,3.69,BR,1712900108
498,khandyga,62.6667,135.6,272.32,99,100,3.8,RU,1712900110
499,kiama,-34.6833,150.8667,294.96,69,9,4.58,AU,1712900112
500,kaa-khem,51.6833,94.7333,278.38,49,100,0.37,RU,1712900113
501,kapiri mposhi,-13.9652,28.6809,291.14,96,100,3.95,ZM,1712900115
502,naze,28.3667,129.4833,293.66,90,97,2.32,JP,1712900117
503,nuuk,64.1835,-51.7216,268.49,80,10,2.06,GL,1712900118
504,exu,-7.5119,-39.7242,294.27,96,14,0.49,BR,1712900119
505,nandigama,16.7833,80.3,309.56,32,28,3.77,IN,1712900121
506,st. paul,44.9444,-93.0933,283.31,67,40,5.66,US,1712900101
507,ishigaki,24.3448,124.1572,301.22,78,40,6.17,JP,1712900125
508,toliara,-23.35,43.6667,296.78,68,100,5.99,MG,1712900127
509,kyzyl,51.7,94.45,278.72,59,100,2.68,RU,1712899929
510,tallkalakh,34.6684,36.2599,291.72,64,0,1.15,SY,1712900130
511,prince rupert,54.3161,-130.3201,278.98,82,0,4.12,CA,1712900112
512,tannum sands,-23.9504,151.3693,300.09,50,40,5.66,AU,1712900122
513,pinotepa nacional,16.3167,-98.0167,297.92,70,26,1.11,MX,1712900135
514,gaspe,48.8334,-64.4819,280.27,61,100,2.06,CA,1712899862
515,visby,57.6409,18.296,282.61,81,0,6.17,SE,1712900138
516,rudnya,54.947,31.0934,283.25,76,94,6.42,RU,1712900140
517,riachao das neves,-11.7461,-44.91,296.59,78,97,0.83,BR,1712900142
518,kawambwa,-9.7915,29.0791,292.84,90,75,2.79,ZM,1712900144
519,kincardine,56.0667,-3.7167,286.3,88,98,6.55,GB,1712899888
520,itacoatiara,-3.1431,-58.4442,297.71,97,98,0.91,BR,1712900148
521,praia da vitoria,38.7333,-27.0667,288.29,100,20,2.77,PT,1712900150
522,plettenberg bay,-34.0527,23.3716,287.01,67,11,2.15,ZA,1712900152
523,ambatondrazaka,-17.8333,48.4167,298.69,74,71,2.55,MG,1712900153
524,bodo,67.28,14.405,277.17,67,75,2.57,NO,1712900097
525,guarapari,-20.6667,-40.4975,296.98,90,27,1.85,BR,1712900156
526,ketchikan,55.3422,-131.6461,279.14,87,75,0.0,US,1712899965
527,vilyuchinsk,52.9306,158.4028,282.3,97,61,0.63,RU,1712900160
528,douentza,14.9951,-2.9517,300.61,13,88,2.33,ML,1712900162
529,tyukhtet,56.5389,89.3011,270.0,49,92,3.71,RU,1712900164
530,opuwo,-18.0607,13.84,295.68,59,24,2.43,NA,1712900165
531,zhalantun,48.0,122.7167,293.92,23,78,9.26,CN,1712900167
532,qurayyat,31.3318,37.3428,287.25,67,0,4.12,SA,1712900169
533,dehui,44.5333,125.7,297.03,33,92,11.32,CN,1712900170
534,hualien city,23.9769,121.6044,300.93,81,57,3.8,TW,1712900171
535,amherst,41.3978,-82.2224,283.92,93,100,5.66,US,1712900075
536,stranraer,54.9023,-5.0273,283.52,96,100,5.08,GB,1712900077
537,new norfolk,-42.7826,147.0587,291.87,88,100,1.08,AU,1712900176
538,uray,60.1247,64.7758,276.97,99,100,3.58,RU,1712900021
539,huarmey,-10.0681,-78.1522,295.62,83,78,3.93,PE,1712900182
540,kyabe,9.4515,18.9449,303.65,35,95,1.6,TD,1712900185
541,jincheng,35.5022,112.8328,299.14,19,0,2.87,CN,1712900186
542,poretskoye,55.1974,46.3291,286.49,51,45,5.67,RU,1712900188
543,waingapu,-9.6567,120.2641,303.05,61,34,4.07,ID,1712900190
544,gadzhiyevo,69.2551,33.3362,272.35,80,100,7.61,RU,1712900192
545,laojunmiao,39.8333,97.7333,291.67,10,51,4.99,CN,1712900194
546,tsiombe,-25.3,45.4833,295.67,58,100,3.12,MG,1712900196
547,igrim,63.1906,64.4162,275.25,94,100,5.27,RU,1712900198
548,vieux-habitants,16.0589,-61.7659,298.55,78,0,4.24,GP,1712900200
549,al kharijah,25.4514,30.5464,296.08,32,60,6.05,EG,1712900201
550,warmbad,-28.45,18.7333,290.29,34,6,5.88,NA,1712900203
551,bazarnyy karabulak,52.2683,46.4144,291.06,72,100,4.38,RU,1712900205
